postTime,msgFrom,title,link,desc
2007/03/08,西安市第九医院,"
	西安市第九医院(西安市铁路中心医院)
",http://www.xtzxyy.com/cn/news.aspx?id=4151,更名公告
1900/01/01,西安市第九医院,"
	西安市第九医院(西安市铁路中心医院)
",http://www.xtzxyy.com/cn/news.aspx?id=4237,医疗设备招标公示
1900/01/01,西安市第九医院,"
	西安市第九医院(西安市铁路中心医院)
",http://www.xtzxyy.com/cn/news.aspx?id=4236,医疗设备招标公示
2017/01/12,西安市第九医院,"
	西安市第九医院(西安市铁路中心医院)
",http://www.xtzxyy.com/cn/news.aspx?id=6146,公示
2017/01/10,西安市第九医院,"
	西安市第九医院(西安市铁路中心医院)
",http://www.xtzxyy.com/cn/news.aspx?id=6136,西安市第九医院招标公告
2017/01/06,西安市第九医院,"
	西安市第九医院(西安市铁路中心医院)
",http://www.xtzxyy.com/cn/news.aspx?id=6134,中标公告
2017/01/03,西安市第九医院,"
	西安市第九医院(西安市铁路中心医院)
",http://www.xtzxyy.com/cn/news.aspx?id=6126,西安市第九医院2017年院内门窗维修的招标公告
2017/01/03,西安市第九医院,"
	西安市第九医院(西安市铁路中心医院)
",http://www.xtzxyy.com/cn/news.aspx?id=6125,西安市第九医院2017年院内零小基建维修及零星用工招标公告
2017/01/03,西安市第九医院,"
	西安市第九医院(西安市铁路中心医院)
",http://www.xtzxyy.com/cn/news.aspx?id=6124,西安市第九医院2017年院内标志标牌零星制作安装招标公告
2016/12/29,西安市第九医院,"
	西安市第九医院(西安市铁路中心医院)
",http://www.xtzxyy.com/cn/news.aspx?id=6122,西安市第九医院2017年院内零星防水维修招标公告
2016/12/29,西安市第九医院,"
	西安市第九医院(西安市铁路中心医院)
",http://www.xtzxyy.com/cn/news.aspx?id=6123,西安市第九医院2017年全年锅炉维保服务招标公告
2016/12/28,西安市第九医院,"
	西安市第九医院(西安市铁路中心医院)
",http://www.xtzxyy.com/cn/news.aspx?id=6115,西安市第九医院2017年污水处理系统维保服务招标公告
2016/12/28,西安市第九医院,"
	西安市第九医院(西安市铁路中心医院)
",http://www.xtzxyy.com/cn/news.aspx?id=6114,西安市第九医院2017年全年电梯维保服务合同招标公告
2016/12/13,西安市第九医院,"
	西安市第九医院(西安市铁路中心医院)
",http://www.xtzxyy.com/cn/news.aspx?id=6090,西安市第九医院招标公告
2016/12/08,西安市第九医院,"
	西安市第九医院(西安市铁路中心医院)
",http://www.xtzxyy.com/cn/news.aspx?id=6082,西安市第九医院中心机房维保服务竞争性谈判结果公示
2016/11/18,西安市第九医院,"
	西安市第九医院(西安市铁路中心医院)
",http://www.xtzxyy.com/cn/news.aspx?id=6056,西安市第九医院中心机房维修保养招标公告
2016/11/04,西安市第九医院,"
	西安市第九医院(西安市铁路中心医院)
",http://www.xtzxyy.com/cn/news.aspx?id=6034,西安市第九医院招标公告
2016/10/27,西安市第九医院,"
	西安市第九医院(西安市铁路中心医院)
",http://www.xtzxyy.com/cn/news.aspx?id=6023,西安市第九医院新丰卫生所弱电工程项目招标结果公示
2016/10/14,西安市第九医院,"
	西安市第九医院(西安市铁路中心医院)
",http://www.xtzxyy.com/cn/news.aspx?id=6007,西安市第九医院招标公告
2016/08/24,西安市第九医院,"
	西安市第九医院(西安市铁路中心医院)
",http://www.xtzxyy.com/cn/news.aspx?id=5940,公示
2016/08/18,西安市第九医院,"
	西安市第九医院(西安市铁路中心医院)
",http://www.xtzxyy.com/cn/news.aspx?id=5931,西安市第九医院门诊楼部分墙面粉刷项目招标公告
2016/08/04,西安市第九医院,"
	西安市第九医院(西安市铁路中心医院)
",http://www.xtzxyy.com/cn/news.aspx?id=5908,中标公告
2016/07/19,西安市第九医院,"
	西安市第九医院(西安市铁路中心医院)
",http://www.xtzxyy.com/cn/news.aspx?id=5859,西安市第九医院投影机招标结果公示
2016/07/07,西安市第九医院,"
	西安市第九医院(西安市铁路中心医院)
",http://www.xtzxyy.com/cn/news.aspx?id=5827,西安市第九医院招标公告
2016/07/05,西安市第九医院,"
	西安市第九医院(西安市铁路中心医院)
",http://www.xtzxyy.com/cn/news.aspx?id=5824,公示
2016/06/28,西安市第九医院,"
	西安市第九医院(西安市铁路中心医院)
",http://www.xtzxyy.com/cn/news.aspx?id=5815,西安市第九医院体外诊断试剂、耗材招标公告
2016/06/28,西安市第九医院,"
	西安市第九医院(西安市铁路中心医院)
",http://www.xtzxyy.com/cn/news.aspx?id=5814,西安市第九医院企事业单位排污许可证相关资料招标公告
2016/06/16,西安市第九医院,"
	西安市第九医院(西安市铁路中心医院)
",http://www.xtzxyy.com/cn/news.aspx?id=5793,西安市第九医院放射工作人员介入计量监测项目及放射装置辐射防护及设备性能检测中标公告
2017/03/29,西安市第九医院,"
	西安市第九医院(西安市铁路中心医院)
",http://www.xtzxyy.com/cn/news.aspx?id=6323,医疗服务收费价格调整公告
2017/03/27,西安市第九医院,"
	西安市第九医院(西安市铁路中心医院)
",http://www.xtzxyy.com/cn/news.aspx?id=6317,西安市第九医院招标公告
2017/03/27,西安市第九医院,"
	西安市第九医院(西安市铁路中心医院)
",http://www.xtzxyy.com/cn/news.aspx?id=6316,西安市第九医院招标公告
2017/03/27,西安市第九医院,"
	西安市第九医院(西安市铁路中心医院)
",http://www.xtzxyy.com/cn/news.aspx?id=6315,西安市第九医院招标公告
2017/03/27,西安市第九医院,"
	西安市第九医院(西安市铁路中心医院)
",http://www.xtzxyy.com/cn/news.aspx?id=6314,西安市第九医院招标公告
2017/03/15,西安市第九医院,"
	西安市第九医院(西安市铁路中心医院)
",http://www.xtzxyy.com/cn/news.aspx?id=6282,西安市第九医院2017年印刷品项目招标公告
2017/03/15,西安市第九医院,"
	西安市第九医院(西安市铁路中心医院)
",http://www.xtzxyy.com/cn/news.aspx?id=6281,西安市第九医院各类办公打印纸采购项目招标公告
2017/03/02,西安市第九医院,"
	西安市第九医院(西安市铁路中心医院)
",http://www.xtzxyy.com/cn/news.aspx?id=6225,公示
2017/03/01,西安市第九医院,"
	西安市第九医院(西安市铁路中心医院)
",http://www.xtzxyy.com/cn/news.aspx?id=6224,西安市第九医院微型消防站装备招标公示
2017/02/27,西安市第九医院,"
	西安市第九医院(西安市铁路中心医院)
",http://www.xtzxyy.com/cn/news.aspx?id=6221,公示
2017/02/27,西安市第九医院,"
	西安市第九医院(西安市铁路中心医院)
",http://www.xtzxyy.com/cn/news.aspx?id=6220,公示
2017/02/27,西安市第九医院,"
	西安市第九医院(西安市铁路中心医院)
",http://www.xtzxyy.com/cn/news.aspx?id=6219,公示
2017/02/20,西安市第九医院,"
	西安市第九医院(西安市铁路中心医院)
",http://www.xtzxyy.com/cn/news.aspx?id=6209,西安市第九医院微型消防站个人防护装备招标公告
2017/02/16,西安市第九医院,"
	西安市第九医院(西安市铁路中心医院)
",http://www.xtzxyy.com/cn/news.aspx?id=6190,西安市第九医院中医科改造工程招标公告
2017/01/17,西安市第九医院,"
	西安市第九医院(西安市铁路中心医院)
",http://www.xtzxyy.com/cn/news.aspx?id=6160,西安市第九医院2017年院内零小基建维修及零星用工招标公告
2017/01/17,西安市第九医院,"
	西安市第九医院(西安市铁路中心医院)
",http://www.xtzxyy.com/cn/news.aspx?id=6159,关于西安市第九医院2017年污水处理系统维保服务合同招标公告
2017/01/16,西安市第九医院,"
	西安市第九医院(西安市铁路中心医院)
",http://www.xtzxyy.com/cn/news.aspx?id=6155,西安市第九医院门诊移动报栏制作安装招标公告
2017/01/12,西安市第九医院,"
	西安市第九医院(西安市铁路中心医院)
",http://www.xtzxyy.com/cn/news.aspx?id=6154,公示
2017/01/12,西安市第九医院,"
	西安市第九医院(西安市铁路中心医院)
",http://www.xtzxyy.com/cn/news.aspx?id=6153,公示
2017/01/12,西安市第九医院,"
	西安市第九医院(西安市铁路中心医院)
",http://www.xtzxyy.com/cn/news.aspx?id=6152,公示
2017/01/12,西安市第九医院,"
	西安市第九医院(西安市铁路中心医院)
",http://www.xtzxyy.com/cn/news.aspx?id=6151,公示
2017/01/12,西安市第九医院,"
	西安市第九医院(西安市铁路中心医院)
",http://www.xtzxyy.com/cn/news.aspx?id=6150,公示
2017/01/12,西安市第九医院,"
	西安市第九医院(西安市铁路中心医院)
",http://www.xtzxyy.com/cn/news.aspx?id=6149,公示
2017/01/12,西安市第九医院,"
	西安市第九医院(西安市铁路中心医院)
",http://www.xtzxyy.com/cn/news.aspx?id=6148,公示
2017/01/12,西安市第九医院,"
	西安市第九医院(西安市铁路中心医院)
",http://www.xtzxyy.com/cn/news.aspx?id=6147,公示
2009/09/25,西安市第九医院,"
	西安市第九医院(西安市铁路中心医院)
",http://www.xtzxyy.com/cn/news.aspx?id=4206,西安市铁路中心医院设备带改造工程招标公告
2010/06/14,西安市第九医院,"
	西安市第九医院(西安市铁路中心医院)
",http://www.xtzxyy.com/cn/news.aspx?id=4230,中标公告
2010/06/08,西安市第九医院,"
	西安市第九医院(西安市铁路中心医院)
",http://www.xtzxyy.com/cn/news.aspx?id=4229,招标维修拆装清洗空调意向书
2010/05/17,西安市第九医院,"
	西安市第九医院(西安市铁路中心医院)
",http://www.xtzxyy.com/cn/news.aspx?id=4227,西安市第九医院门诊楼及宿舍电器线路改造招标公告
2010/04/26,西安市第九医院,"
	西安市第九医院(西安市铁路中心医院)
",http://www.xtzxyy.com/cn/news.aspx?id=4226,捐款公示
2010/04/02,西安市第九医院,"
	西安市第九医院(西安市铁路中心医院)
",http://www.xtzxyy.com/cn/news.aspx?id=4225,西安市铁路中心医院医疗设备院内中标公示
2010/03/25,西安市第九医院,"
	西安市第九医院(西安市铁路中心医院)
",http://www.xtzxyy.com/cn/news.aspx?id=4223,医疗设备招标公示
2010/03/15,西安市第九医院,"
	西安市第九医院(西安市铁路中心医院)
",http://www.xtzxyy.com/cn/news.aspx?id=4221,医疗设备维修招标公示
2010/01/04,西安市第九医院,"
	西安市第九医院(西安市铁路中心医院)
",http://www.xtzxyy.com/cn/news.aspx?id=4216,医疗设备招标公示
2009/12/03,西安市第九医院,"
	西安市第九医院(西安市铁路中心医院)
",http://www.xtzxyy.com/cn/news.aspx?id=4213,医疗设备招标公示
2009/11/20,西安市第九医院,"
	西安市第九医院(西安市铁路中心医院)
",http://www.xtzxyy.com/cn/news.aspx?id=4210,医院名称大字工程招标公告
2009/11/06,西安市第九医院,"
	西安市第九医院(西安市铁路中心医院)
",http://www.xtzxyy.com/cn/news.aspx?id=4208,医疗设备招标公告
2011/09/15,西安市第九医院,"
	西安市第九医院(西安市铁路中心医院)
",http://www.xtzxyy.com/cn/news.aspx?id=4256,西安市第九医院购买全自动电热水器招标公告
2011/09/07,西安市第九医院,"
	西安市第九医院(西安市铁路中心医院)
",http://www.xtzxyy.com/cn/news.aspx?id=4255,医疗设备招标公示
2011/08/12,西安市第九医院,"
	西安市第九医院(西安市铁路中心医院)
",http://www.xtzxyy.com/cn/news.aspx?id=4254,医疗高值耗材中标公告
2011/07/19,西安市第九医院,"
	西安市第九医院(西安市铁路中心医院)
",http://www.xtzxyy.com/cn/news.aspx?id=4252,医疗高值耗材招标公示
2011/07/14,西安市第九医院,"
	西安市第九医院(西安市铁路中心医院)
",http://www.xtzxyy.com/cn/news.aspx?id=4250,西安市第九医院扩建楼电线路改造工程中标公示
2011/06/22,西安市第九医院,"
	西安市第九医院(西安市铁路中心医院)
",http://www.xtzxyy.com/cn/news.aspx?id=4249,西安市第九医院扩建楼电线路改造工程招标公告
2011/06/20,西安市第九医院,"
	西安市第九医院(西安市铁路中心医院)
",http://www.xtzxyy.com/cn/news.aspx?id=4248,中标公告
2011/05/26,西安市第九医院,"
	西安市第九医院(西安市铁路中心医院)
",http://www.xtzxyy.com/cn/news.aspx?id=4247,医疗设备招标公示
2011/05/03,西安市第九医院,"
	西安市第九医院(西安市铁路中心医院)
",http://www.xtzxyy.com/cn/news.aspx?id=4246,医疗设备招标公示
2011/04/19,西安市第九医院,"
	西安市第九医院(西安市铁路中心医院)
",http://www.xtzxyy.com/cn/news.aspx?id=4245,中标公示
2011/04/06,西安市第九医院,"
	西安市第九医院(西安市铁路中心医院)
",http://www.xtzxyy.com/cn/news.aspx?id=4244,西安市第九医院暖气主管道改造工程招标公告
2011/03/23,西安市第九医院,"
	西安市第九医院(西安市铁路中心医院)
",http://www.xtzxyy.com/cn/news.aspx?id=4243,中标公告
2011/03/11,西安市第九医院,"
	西安市第九医院(西安市铁路中心医院)
",http://www.xtzxyy.com/cn/news.aspx?id=4242,西安市第九医院院标LED发光字招标公告
2010/12/24,西安市第九医院,"
	西安市第九医院(西安市铁路中心医院)
",http://www.xtzxyy.com/cn/news.aspx?id=4239,中标公告
2010/12/15,西安市第九医院,"
	西安市第九医院(西安市铁路中心医院)
",http://www.xtzxyy.com/cn/news.aspx?id=4238,医疗设备招标公示
2010/10/12,西安市第九医院,"
	西安市第九医院(西安市铁路中心医院)
",http://www.xtzxyy.com/cn/news.aspx?id=4231,我院实习生实习情况公示
2010/08/06,西安市第九医院,"
	西安市第九医院(西安市铁路中心医院)
",http://www.xtzxyy.com/cn/news.aspx?id=4233,西安市卫生局卫生技术人员培训公示
2010/06/25,西安市第九医院,"
	西安市第九医院(西安市铁路中心医院)
",http://www.xtzxyy.com/cn/news.aspx?id=4232,中标公告
2010/06/14,西安市第九医院,"
	西安市第九医院(西安市铁路中心医院)
",http://www.xtzxyy.com/cn/news.aspx?id=4230,中标公告
2013/10/09,西安市第九医院,"
	西安市第九医院(西安市铁路中心医院)
",http://www.xtzxyy.com/cn/news.aspx?id=4304,医用床头柜招标公告
2013/10/09,西安市第九医院,"
	西安市第九医院(西安市铁路中心医院)
",http://www.xtzxyy.com/cn/news.aspx?id=4305,药品货架招标公告
2013/09/30,西安市第九医院,"
	西安市第九医院(西安市铁路中心医院)
",http://www.xtzxyy.com/cn/news.aspx?id=4303,中标公告
2013/09/11,西安市第九医院,"
	西安市第九医院(西安市铁路中心医院)
",http://www.xtzxyy.com/cn/news.aspx?id=4301,医疗设备中标公告
2013/09/11,西安市第九医院,"
	西安市第九医院(西安市铁路中心医院)
",http://www.xtzxyy.com/cn/news.aspx?id=4302,医疗设备招标公示
2013/08/29,西安市第九医院,"
	西安市第九医院(西安市铁路中心医院)
",http://www.xtzxyy.com/cn/news.aspx?id=4300,中标公示
2013/08/26,西安市第九医院,"
	西安市第九医院(西安市铁路中心医院)
",http://www.xtzxyy.com/cn/news.aspx?id=4299,医疗设备招标公示
2013/08/23,西安市第九医院,"
	西安市第九医院(西安市铁路中心医院)
",http://www.xtzxyy.com/cn/news.aspx?id=4311,网络综合布线中标公示
2013/08/20,西安市第九医院,"
	西安市第九医院(西安市铁路中心医院)
",http://www.xtzxyy.com/cn/news.aspx?id=4298,营养部杂物梯购置、安装工程招标公告
2013/08/16,西安市第九医院,"
	西安市第九医院(西安市铁路中心医院)
",http://www.xtzxyy.com/cn/news.aspx?id=4296,西安市第九医院采购营养部餐饮设备公告
2013/08/16,西安市第九医院,"
	西安市第九医院(西安市铁路中心医院)
",http://www.xtzxyy.com/cn/news.aspx?id=4297,网络综合布线招标公告
2013/08/05,西安市第九医院,"
	西安市第九医院(西安市铁路中心医院)
",http://www.xtzxyy.com/cn/news.aspx?id=4295,污水处理MBR膜项目中标公示
2013/07/23,西安市第九医院,"
	西安市第九医院(西安市铁路中心医院)
",http://www.xtzxyy.com/cn/news.aspx?id=4293,密集架中标公示
2013/07/22,西安市第九医院,"
	西安市第九医院(西安市铁路中心医院)
",http://www.xtzxyy.com/cn/news.aspx?id=4292,西安市第九医院污水处理生物膜招标公告
2013/07/09,西安市第九医院,"
	西安市第九医院(西安市铁路中心医院)
",http://www.xtzxyy.com/cn/news.aspx?id=4291,西安市第九医院新购密集架议标公告
2013/05/17,西安市第九医院,"
	西安市第九医院(西安市铁路中心医院)
",http://www.xtzxyy.com/cn/news.aspx?id=4290,中标公告
2013/05/10,西安市第九医院,"
	西安市第九医院(西安市铁路中心医院)
",http://www.xtzxyy.com/cn/news.aspx?id=4288,西安市第九医院停车场划线等项目招标说明
2013/05/07,西安市第九医院,"
	西安市第九医院(西安市铁路中心医院)
",http://www.xtzxyy.com/cn/news.aspx?id=4287,医院食堂招标
2013/04/23,西安市第九医院,"
	西安市第九医院(西安市铁路中心医院)
",http://www.xtzxyy.com/cn/news.aspx?id=4285,医疗设备招标公示
2013/03/20,西安市第九医院,"
	西安市第九医院(西安市铁路中心医院)
",http://www.xtzxyy.com/cn/news.aspx?id=4284,手术间X线防护改造招标公告
2013/03/12,西安市第九医院,"
	西安市第九医院(西安市铁路中心医院)
",http://www.xtzxyy.com/cn/news.aspx?id=4283,食堂对外承包管理招标公告
2014/03/04,西安市第九医院,"
	西安市第九医院(西安市铁路中心医院)
",http://www.xtzxyy.com/cn/news.aspx?id=4331,医疗设备招标公示
2014/02/21,西安市第九医院,"
	西安市第九医院(西安市铁路中心医院)
",http://www.xtzxyy.com/cn/news.aspx?id=4327,西安市第九医院综合服务大厅叫号评价系统中标公示
2014/02/21,西安市第九医院,"
	西安市第九医院(西安市铁路中心医院)
",http://www.xtzxyy.com/cn/news.aspx?id=4328,西安市第九医院办公自动化设备及耗材协议供货商中标公示
2014/02/10,西安市第九医院,"
	西安市第九医院(西安市铁路中心医院)
",http://www.xtzxyy.com/cn/news.aspx?id=4325,西安市第九医院综合服务大厅叫号评价系统招标公告
2014/02/10,西安市第九医院,"
	西安市第九医院(西安市铁路中心医院)
",http://www.xtzxyy.com/cn/news.aspx?id=4326,西安市第九医院办公自动化设备及耗材协议供货商招标公告
2013/12/27,西安市第九医院,"
	西安市第九医院(西安市铁路中心医院)
",http://www.xtzxyy.com/cn/news.aspx?id=4324,医疗设备中标公告
2013/12/02,西安市第九医院,"
	西安市第九医院(西安市铁路中心医院)
",http://www.xtzxyy.com/cn/news.aspx?id=4323,医疗设备招标公示
2013/11/22,西安市第九医院,"
	西安市第九医院(西安市铁路中心医院)
",http://www.xtzxyy.com/cn/news.aspx?id=4320,收费大厅网络综合布线中标公示
2013/11/22,西安市第九医院,"
	西安市第九医院(西安市铁路中心医院)
",http://www.xtzxyy.com/cn/news.aspx?id=4321,医用显示器中标公示
2013/11/22,西安市第九医院,"
	西安市第九医院(西安市铁路中心医院)
",http://www.xtzxyy.com/cn/news.aspx?id=4322,“职工之家”新购厨房用品招标公告
2013/11/21,西安市第九医院,"
	西安市第九医院(西安市铁路中心医院)
",http://www.xtzxyy.com/cn/news.aspx?id=4318,废标公示
2013/11/21,西安市第九医院,"
	西安市第九医院(西安市铁路中心医院)
",http://www.xtzxyy.com/cn/news.aspx?id=4319,中标公示
2013/11/15,西安市第九医院,"
	西安市第九医院(西安市铁路中心医院)
",http://www.xtzxyy.com/cn/news.aspx?id=4317,洗衣房杂物梯大修改造中标公示
2013/11/12,西安市第九医院,"
	西安市第九医院(西安市铁路中心医院)
",http://www.xtzxyy.com/cn/news.aspx?id=4315,医用显示器招标公告
2013/11/12,西安市第九医院,"
	西安市第九医院(西安市铁路中心医院)
",http://www.xtzxyy.com/cn/news.aspx?id=4316,网络综合布线招标公告
2013/11/11,西安市第九医院,"
	西安市第九医院(西安市铁路中心医院)
",http://www.xtzxyy.com/cn/news.aspx?id=4314,人脸识别考勤机中标公示
2013/11/08,西安市第九医院,"
	西安市第九医院(西安市铁路中心医院)
",http://www.xtzxyy.com/cn/news.aspx?id=4313,洗衣房杂物梯大修改造项目招标公告
2013/11/01,西安市第九医院,"
	西安市第九医院(西安市铁路中心医院)
",http://www.xtzxyy.com/cn/news.aspx?id=4312,触摸查询一体机中标公示
2013/10/31,西安市第九医院,"
	西安市第九医院(西安市铁路中心医院)
",http://www.xtzxyy.com/cn/news.aspx?id=4310,人脸识别考勤机招标公告
2013/10/29,西安市第九医院,"
	西安市第九医院(西安市铁路中心医院)
",http://www.xtzxyy.com/cn/news.aspx?id=4309,西安市第九医院消防器材年检招标说明
2013/10/23,西安市第九医院,"
	西安市第九医院(西安市铁路中心医院)
",http://www.xtzxyy.com/cn/news.aspx?id=4307,病房床头柜中标公示
2013/10/23,西安市第九医院,"
	西安市第九医院(西安市铁路中心医院)
",http://www.xtzxyy.com/cn/news.aspx?id=4308,药品架中标公示
2014/12/29,西安市第九医院,"
	西安市第九医院(西安市铁路中心医院)
",http://www.xtzxyy.com/cn/news.aspx?id=4356,消防器材年检中标公告
2014/12/25,西安市第九医院,"
	西安市第九医院(西安市铁路中心医院)
",http://www.xtzxyy.com/cn/news.aspx?id=4355,血管机安装及机房改建工程监理招标
2014/12/11,西安市第九医院,"
	西安市第九医院(西安市铁路中心医院)
",http://www.xtzxyy.com/cn/news.aspx?id=4353,西安市第九医院2015年消防器材年检招标公示
2014/12/11,西安市第九医院,"
	西安市第九医院(西安市铁路中心医院)
",http://www.xtzxyy.com/cn/news.aspx?id=4354,西安市第九医院2015年拟出租门面房公示
2014/11/21,西安市第九医院,"
	西安市第九医院(西安市铁路中心医院)
",http://www.xtzxyy.com/cn/news.aspx?id=4352,公示
2014/11/05,西安市第九医院,"
	西安市第九医院(西安市铁路中心医院)
",http://www.xtzxyy.com/cn/news.aspx?id=4351,公示
2014/10/23,西安市第九医院,"
	西安市第九医院(西安市铁路中心医院)
",http://www.xtzxyy.com/cn/news.aspx?id=4350,中标公告
2014/10/08,西安市第九医院,"
	西安市第九医院(西安市铁路中心医院)
",http://www.xtzxyy.com/cn/news.aspx?id=4349,医疗设备招标公示
2014/09/29,西安市第九医院,"
	西安市第九医院(西安市铁路中心医院)
",http://www.xtzxyy.com/cn/news.aspx?id=4348,购买救护车招标公告
2014/07/16,西安市第九医院,"
	西安市第九医院(西安市铁路中心医院)
",http://www.xtzxyy.com/cn/news.aspx?id=4347,西安市第九医院医用设备招标公示
2014/06/27,西安市第九医院,"
	西安市第九医院(西安市铁路中心医院)
",http://www.xtzxyy.com/cn/news.aspx?id=4346,西安市第九医院设备维修招标公示
2014/05/31,西安市第九医院,"
	西安市第九医院(西安市铁路中心医院)
",http://www.xtzxyy.com/cn/news.aspx?id=4345,中标公告
2014/05/23,西安市第九医院,"
	西安市第九医院(西安市铁路中心医院)
",http://www.xtzxyy.com/cn/news.aspx?id=4344,中标公告
2014/05/16,西安市第九医院,"
	西安市第九医院(西安市铁路中心医院)
",http://www.xtzxyy.com/cn/news.aspx?id=4342,自助报告查询打印一体机中标公示
2014/05/16,西安市第九医院,"
	西安市第九医院(西安市铁路中心医院)
",http://www.xtzxyy.com/cn/news.aspx?id=4343,医疗设备招标公示
2014/05/08,西安市第九医院,"
	西安市第九医院(西安市铁路中心医院)
",http://www.xtzxyy.com/cn/news.aspx?id=4341,西安市第九医院医用设备招标代理机构招标中标结果公示
2014/05/06,西安市第九医院,"
	西安市第九医院(西安市铁路中心医院)
",http://www.xtzxyy.com/cn/news.aspx?id=4340,医疗设备招标公示
2014/05/04,西安市第九医院,"
	西安市第九医院(西安市铁路中心医院)
",http://www.xtzxyy.com/cn/news.aspx?id=4339,自助报告查询打印一体机招标公告
2014/04/14,西安市第九医院,"
	西安市第九医院(西安市铁路中心医院)
",http://www.xtzxyy.com/cn/news.aspx?id=4337,西安市第九医院医用设备招标代理机构公开招标开标日期的公示
2014/03/21,西安市第九医院,"
	西安市第九医院(西安市铁路中心医院)
",http://www.xtzxyy.com/cn/news.aspx?id=4335,中标公告
2014/03/17,西安市第九医院,"
	西安市第九医院(西安市铁路中心医院)
",http://www.xtzxyy.com/cn/news.aspx?id=4334,医疗设备招标代理机构招标公告
2016/06/12,西安市第九医院,"
	西安市第九医院(西安市铁路中心医院)
",http://www.xtzxyy.com/cn/news.aspx?id=5780,西安市第九医院招标公告
2016/06/08,西安市第九医院,"
	西安市第九医院(西安市铁路中心医院)
",http://www.xtzxyy.com/cn/news.aspx?id=5773,西安市第九医院办公耗材招标结果公示
2016/06/01,西安市第九医院,"
	西安市第九医院(西安市铁路中心医院)
",http://www.xtzxyy.com/cn/news.aspx?id=5765,招标公告
2016/06/01,西安市第九医院,"
	西安市第九医院(西安市铁路中心医院)
",http://www.xtzxyy.com/cn/news.aspx?id=5764,西安市第九医院医疗计量设备监测招标公告
2016/05/27,西安市第九医院,"
	西安市第九医院(西安市铁路中心医院)
",http://www.xtzxyy.com/cn/news.aspx?id=5753,西安市第九医院扫描平台竞价结果公示
2016/05/25,西安市第九医院,"
	西安市第九医院(西安市铁路中心医院)
",http://www.xtzxyy.com/cn/news.aspx?id=5742,西安市第九医院空调维保项目招标公告
2016/05/12,西安市第九医院,"
	西安市第九医院(西安市铁路中心医院)
",http://www.xtzxyy.com/cn/news.aspx?id=5704,西安市第九医院办公耗材招标公告
2016/05/12,西安市第九医院,"
	西安市第九医院(西安市铁路中心医院)
",http://www.xtzxyy.com/cn/news.aspx?id=5703,西安市第九医院招标公告
2016/04/22,西安市第九医院,"
	西安市第九医院(西安市铁路中心医院)
",http://www.xtzxyy.com/cn/news.aspx?id=5647,西安市第九医院招标代理机构入围中标公示
2016/04/18,西安市第九医院,"
	西安市第九医院(西安市铁路中心医院)
",http://www.xtzxyy.com/cn/news.aspx?id=5609,中标公告
2016/04/13,西安市第九医院,"
	西安市第九医院(西安市铁路中心医院)
",http://www.xtzxyy.com/cn/news.aspx?id=5608,关于西安市第九医院2016年院钢木家具招标补充公告
2016/04/06,西安市第九医院,"
	西安市第九医院(西安市铁路中心医院)
",http://www.xtzxyy.com/cn/news.aspx?id=5613,招标公告
2016/04/01,西安市第九医院,"
	西安市第九医院(西安市铁路中心医院)
",http://www.xtzxyy.com/cn/news.aspx?id=5610,关于西安市第九医院2016年院钢木家具招标公告
2016/03/12,西安市第九医院,"
	西安市第九医院(西安市铁路中心医院)
",http://www.xtzxyy.com/cn/news.aspx?id=5612,公示
2016/03/10,西安市第九医院,"
	西安市第九医院(西安市铁路中心医院)
",http://www.xtzxyy.com/cn/news.aspx?id=5611,公示
2016/03/07,西安市第九医院,"
	西安市第九医院(西安市铁路中心医院)
",http://www.xtzxyy.com/cn/news.aspx?id=5400,西安市第九医院院内车辆保险招标公告
2016/02/18,西安市第九医院,"
	西安市第九医院(西安市铁路中心医院)
",http://www.xtzxyy.com/cn/news.aspx?id=5399,西安市第九医院棉织品招标公告
2016/01/27,西安市第九医院,"
	西安市第九医院(西安市铁路中心医院)
",http://www.xtzxyy.com/cn/news.aspx?id=5397,公示
2016/01/27,西安市第九医院,"
	西安市第九医院(西安市铁路中心医院)
",http://www.xtzxyy.com/cn/news.aspx?id=5398,西安市第九医院中心机房UPS项目中标公示
2016/01/26,西安市第九医院,"
	西安市第九医院(西安市铁路中心医院)
",http://www.xtzxyy.com/cn/news.aspx?id=5396,西安市第九医院体外诊断试剂招标公告
2016/01/22,西安市第九医院,"
	西安市第九医院(西安市铁路中心医院)
",http://www.xtzxyy.com/cn/news.aspx?id=5395,中标公告
2016/01/20,西安市第九医院,"
	西安市第九医院(西安市铁路中心医院)
",http://www.xtzxyy.com/cn/news.aspx?id=5394,西安市第九医院办公用纸招标公告
2016/01/14,西安市第九医院,"
	西安市第九医院(西安市铁路中心医院)
",http://www.xtzxyy.com/cn/news.aspx?id=5393,西安市第九医院中心机房UPS招标公告
2016/01/06,西安市第九医院,"
	西安市第九医院(西安市铁路中心医院)
",http://www.xtzxyy.com/cn/news.aspx?id=5392,医疗设备项目招标公告
2015/12/02,西安市第九医院,"
	西安市第九医院(西安市铁路中心医院)
",http://www.xtzxyy.com/cn/news.aspx?id=5391,招标公告
2015/04/20,西安市第九医院,"
	西安市第九医院(西安市铁路中心医院)
",http://www.xtzxyy.com/cn/news.aspx?id=4382,西安市第九医院医用设备招标代理机构招标中标结果公示
2015/04/17,西安市第九医院,"
	西安市第九医院(西安市铁路中心医院)
",http://www.xtzxyy.com/cn/news.aspx?id=4381,2015年4月16日医疗设备招标公示
2015/04/10,西安市第九医院,"
	西安市第九医院(西安市铁路中心医院)
",http://www.xtzxyy.com/cn/news.aspx?id=4380,西安市第九医院办公耗材项目中标公示
2015/04/08,西安市第九医院,"
	西安市第九医院(西安市铁路中心医院)
",http://www.xtzxyy.com/cn/news.aspx?id=4379,关于西安市第九医院病媒生物防治服务项目中标公告
2015/04/03,西安市第九医院,"
	西安市第九医院(西安市铁路中心医院)
",http://www.xtzxyy.com/cn/news.aspx?id=4378,西安市第九医院医疗计量设备监测招标公告
2015/04/01,西安市第九医院,"
	西安市第九医院(西安市铁路中心医院)
",http://www.xtzxyy.com/cn/news.aspx?id=4377,西安市第九医院办公耗材招标公告
2015/03/31,西安市第九医院,"
	西安市第九医院(西安市铁路中心医院)
",http://www.xtzxyy.com/cn/news.aspx?id=4373,西安市第九医院空调维项目保招标公告
2015/03/31,西安市第九医院,"
	西安市第九医院(西安市铁路中心医院)
",http://www.xtzxyy.com/cn/news.aspx?id=4374,2015年床单元协议供货商招标公告
2015/03/31,西安市第九医院,"
	西安市第九医院(西安市铁路中心医院)
",http://www.xtzxyy.com/cn/news.aspx?id=4375,2015年空调协议供货商招标公告
2015/03/31,西安市第九医院,"
	西安市第九医院(西安市铁路中心医院)
",http://www.xtzxyy.com/cn/news.aspx?id=4376,医疗设备招标代理机构招标公告
2015/03/25,西安市第九医院,"
	西安市第九医院(西安市铁路中心医院)
",http://www.xtzxyy.com/cn/news.aspx?id=4372,关于2015年病媒生物防制服务项目招标公告
2015/03/19,西安市第九医院,"
	西安市第九医院(西安市铁路中心医院)
",http://www.xtzxyy.com/cn/news.aspx?id=4371,关于西安市第九医院放射工作人员介入计量监测项目中标公告
2015/03/16,西安市第九医院,"
	西安市第九医院(西安市铁路中心医院)
",http://www.xtzxyy.com/cn/news.aspx?id=4370,UPS设备更新及机房线路改造中标公示
2015/03/11,西安市第九医院,"
	西安市第九医院(西安市铁路中心医院)
",http://www.xtzxyy.com/cn/news.aspx?id=4369,招标公告
2015/02/26,西安市第九医院,"
	西安市第九医院(西安市铁路中心医院)
",http://www.xtzxyy.com/cn/news.aspx?id=4368,UPS设备更新及机房线路改造招标公告
2015/02/04,西安市第九医院,"
	西安市第九医院(西安市铁路中心医院)
",http://www.xtzxyy.com/cn/news.aspx?id=4365,公示
2015/02/04,西安市第九医院,"
	西安市第九医院(西安市铁路中心医院)
",http://www.xtzxyy.com/cn/news.aspx?id=4366,公示
2015/02/04,西安市第九医院,"
	西安市第九医院(西安市铁路中心医院)
",http://www.xtzxyy.com/cn/news.aspx?id=4367,公示
2015/01/27,西安市第九医院,"
	西安市第九医院(西安市铁路中心医院)
",http://www.xtzxyy.com/cn/news.aspx?id=4364,西安市第九医院拟对空调采购进行招标，欢迎成为2015年西安市政府采购空调项目协议供货商的中标企业和公司参加，现将有关事宜公告如下
2015/01/19,西安市第九医院,"
	西安市第九医院(西安市铁路中心医院)
",http://www.xtzxyy.com/cn/news.aspx?id=4360,关于西安市第九医院2015年院内标志标牌零星制作安装招标公告
2015/01/19,西安市第九医院,"
	西安市第九医院(西安市铁路中心医院)
",http://www.xtzxyy.com/cn/news.aspx?id=4361,关于西安市第九医院2015年院内零小基建维修及零星用工招标公告
2015/01/19,西安市第九医院,"
	西安市第九医院(西安市铁路中心医院)
",http://www.xtzxyy.com/cn/news.aspx?id=4362,关于西安市第九医院2015年院内零星防水维修招标公告
2015/01/19,西安市第九医院,"
	西安市第九医院(西安市铁路中心医院)
",http://www.xtzxyy.com/cn/news.aspx?id=4363,关于西安市第九医院2015年院内门窗维修的招标公告
2014/12/30,西安市第九医院,"
	西安市第九医院(西安市铁路中心医院)
",http://www.xtzxyy.com/cn/news.aspx?id=4357,关于西安市第九医院住院楼改扩建工程可行性研究报告的招标公告
2014/12/30,西安市第九医院,"
	西安市第九医院(西安市铁路中心医院)
",http://www.xtzxyy.com/cn/news.aspx?id=4358,关于西安市第九医院住院楼改扩建工程节能评估文件的招标公告
2013/03/06,西安市第九医院,"
	西安市第九医院(西安市铁路中心医院)
",http://www.xtzxyy.com/cn/news.aspx?id=4282,中标公示
2013/02/26,西安市第九医院,"
	西安市第九医院(西安市铁路中心医院)
",http://www.xtzxyy.com/cn/news.aspx?id=4281,公告
2012/11/21,西安市第九医院,"
	西安市第九医院(西安市铁路中心医院)
",http://www.xtzxyy.com/cn/news.aspx?id=4279,医疗设备招标公示
2012/11/02,西安市第九医院,"
	西安市第九医院(西安市铁路中心医院)
",http://www.xtzxyy.com/cn/news.aspx?id=4278,西安市第九医院消防器材年检招标公示
2012/09/04,西安市第九医院,"
	西安市第九医院(西安市铁路中心医院)
",http://www.xtzxyy.com/cn/news.aspx?id=4277,中标公告
2012/08/24,西安市第九医院,"
	西安市第九医院(西安市铁路中心医院)
",http://www.xtzxyy.com/cn/news.aspx?id=4276,招标公示
2012/07/20,西安市第九医院,"
	西安市第九医院(西安市铁路中心医院)
",http://www.xtzxyy.com/cn/news.aspx?id=4275,西安市第九医院综合楼防火门工程招标公示
2012/06/11,西安市第九医院,"
	西安市第九医院(西安市铁路中心医院)
",http://www.xtzxyy.com/cn/news.aspx?id=4274,西安市第九医院直线加速器机房改造工程招标公告
2012/05/22,西安市第九医院,"
	西安市第九医院(西安市铁路中心医院)
",http://www.xtzxyy.com/cn/news.aspx?id=4271,西安市第九医院电梯拆移、安装工程招标公告
2012/04/25,西安市第九医院,"
	西安市第九医院(西安市铁路中心医院)
",http://www.xtzxyy.com/cn/news.aspx?id=4270,医用卫生耗材招标公示
2012/03/29,西安市第九医院,"
	西安市第九医院(西安市铁路中心医院)
",http://www.xtzxyy.com/cn/news.aspx?id=4268,中标公告
2012/03/16,西安市第九医院,"
	西安市第九医院(西安市铁路中心医院)
",http://www.xtzxyy.com/cn/news.aspx?id=4266,医疗设备招标公示
2012/02/22,西安市第九医院,"
	西安市第九医院(西安市铁路中心医院)
",http://www.xtzxyy.com/cn/news.aspx?id=4264,中标公告
2011/12/24,西安市第九医院,"
	西安市第九医院(西安市铁路中心医院)
",http://www.xtzxyy.com/cn/news.aspx?id=4263,医疗设备招标公示
2011/10/31,西安市第九医院,"
	西安市第九医院(西安市铁路中心医院)
",http://www.xtzxyy.com/cn/news.aspx?id=4260,西安市第九医院部分屋面防水大修工程招标公告
2011/10/18,西安市第九医院,"
	西安市第九医院(西安市铁路中心医院)
",http://www.xtzxyy.com/cn/news.aspx?id=4259,中标公示
2011/10/10,西安市第九医院,"
	西安市第九医院(西安市铁路中心医院)
",http://www.xtzxyy.com/cn/news.aspx?id=4257,中标公示
2015/11/18,西安市第九医院,"
	西安市第九医院(西安市铁路中心医院)
",http://www.xtzxyy.com/cn/news.aspx?id=4406,西安市第九医院护士工作裤招标文件
2015/11/17,西安市第九医院,"
	西安市第九医院(西安市铁路中心医院)
",http://www.xtzxyy.com/cn/news.aspx?id=4405,西安市第九医院定制工作裤招标公告
2015/11/16,西安市第九医院,"
	西安市第九医院(西安市铁路中心医院)
",http://www.xtzxyy.com/cn/news.aspx?id=4404,西安市第九医院门面房2016年招租公示
2015/11/04,西安市第九医院,"
	西安市第九医院(西安市铁路中心医院)
",http://www.xtzxyy.com/cn/news.aspx?id=4403,西安市第九医院门户网站系统建设中标公示
2015/10/22,西安市第九医院,"
	西安市第九医院(西安市铁路中心医院)
",http://www.xtzxyy.com/cn/news.aspx?id=4402,西安市第九医院门户网站系统建设招标公告
2015/08/31,西安市第九医院,"
	西安市第九医院(西安市铁路中心医院)
",http://www.xtzxyy.com/cn/news.aspx?id=4401,关于西安市第九医院饮食科项目中标公告
2015/08/18,西安市第九医院,"
	西安市第九医院(西安市铁路中心医院)
",http://www.xtzxyy.com/cn/news.aspx?id=4399,护士鞋中标公告
2015/08/18,西安市第九医院,"
	西安市第九医院(西安市铁路中心医院)
",http://www.xtzxyy.com/cn/news.aspx?id=4400,废标公示
2015/08/10,西安市第九医院,"
	西安市第九医院(西安市铁路中心医院)
",http://www.xtzxyy.com/cn/news.aspx?id=4398,西安市第九医院食堂对外承包招标公告
2015/08/07,西安市第九医院,"
	西安市第九医院(西安市铁路中心医院)
",http://www.xtzxyy.com/cn/news.aspx?id=4397,西安市第九医院中心机房维修保养中标公示
2015/07/24,西安市第九医院,"
	西安市第九医院(西安市铁路中心医院)
",http://www.xtzxyy.com/cn/news.aspx?id=4394,西安市第九医院中心机房维修保养招标公告
2015/07/24,西安市第九医院,"
	西安市第九医院(西安市铁路中心医院)
",http://www.xtzxyy.com/cn/news.aspx?id=4395,西安市第九医院定制工作裤招标公告
2015/07/24,西安市第九医院,"
	西安市第九医院(西安市铁路中心医院)
",http://www.xtzxyy.com/cn/news.aspx?id=4396,西安市第九医院购置护士鞋招标公告
2015/07/22,西安市第九医院,"
	西安市第九医院(西安市铁路中心医院)
",http://www.xtzxyy.com/cn/news.aspx?id=4393,服务器及交换机设备采购中标公示
2015/06/19,西安市第九医院,"
	西安市第九医院(西安市铁路中心医院)
",http://www.xtzxyy.com/cn/news.aspx?id=4392,西安市第九医院硬件设备招标公告
2015/06/11,西安市第九医院,"
	西安市第九医院(西安市铁路中心医院)
",http://www.xtzxyy.com/cn/news.aspx?id=4391,西安市第九医院院内垃圾桶招标公告
2015/05/08,西安市第九医院,"
	西安市第九医院(西安市铁路中心医院)
",http://www.xtzxyy.com/cn/news.aspx?id=4385,中标公告
2015/05/08,西安市第九医院,"
	西安市第九医院(西安市铁路中心医院)
",http://www.xtzxyy.com/cn/news.aspx?id=4386,西安市第九医院全科医生临床培训基地施工图设计招标
2015/05/08,西安市第九医院,"
	西安市第九医院(西安市铁路中心医院)
",http://www.xtzxyy.com/cn/news.aspx?id=4387,西安市第九医院口腔科诊室综合配套招标
2015/05/08,西安市第九医院,"
	西安市第九医院(西安市铁路中心医院)
",http://www.xtzxyy.com/cn/news.aspx?id=4388,西安市第九医院部分医用耗材招标采购公告
2015/05/08,西安市第九医院,"
	西安市第九医院(西安市铁路中心医院)
",http://www.xtzxyy.com/cn/news.aspx?id=4389,西安市第九医院医疗设备招标公示
2015/05/08,西安市第九医院,"
	西安市第九医院(西安市铁路中心医院)
",http://www.xtzxyy.com/cn/news.aspx?id=4390,西安市第九医院口腔科摄片室射线防护工程招标
2015/04/24,西安市第九医院,"
	西安市第九医院(西安市铁路中心医院)
",http://www.xtzxyy.com/cn/news.aspx?id=4384,医疗设备招标公示
2015/04/23,西安市第九医院,"
	西安市第九医院(西安市铁路中心医院)
",http://www.xtzxyy.com/cn/news.aspx?id=4383,西安市第九医院全院空调维保项目中标结果公示
